City_ID,City,Country,Date,Lat,Lng,Max Temp,Humidity,Cloudiness,Wind Speed
0,Saint-Philippe,RE,2020-10-30 22:56:39,-21.36,55.77,68.0,68,20,20.8
1,East London,ZA,2020-10-30 22:56:40,-33.02,27.91,62.01,68,100,2.53
2,Mirnyy,RU,2020-10-30 22:56:40,62.54,113.96,-7.6,76,0,8.95
3,New Norfolk,AU,2020-10-30 22:56:40,-42.78,147.06,62.01,53,0,1.99
4,Nouakchott,MR,2020-10-30 22:53:33,18.09,-15.98,77.0,69,0,17.22
5,Yazd,IR,2020-10-30 22:56:40,31.9,54.37,57.2,22,0,4.7
6,Pilar,BR,2020-10-30 22:56:41,-9.6,-35.96,75.2,94,20,8.05
7,Jamestown,US,2020-10-30 22:56:41,42.1,-79.24,36.0,93,90,6.26
8,Rikitea,PF,2020-10-30 22:56:41,-23.12,-134.97,76.21,65,0,6.06
9,Codrington,AU,2020-10-30 22:56:41,-38.27,141.97,55.47,82,47,12.41
10,Castro,BR,2020-10-30 22:56:42,-24.79,-50.01,53.91,93,100,11.1
11,Saint-Augustin,CA,2020-10-30 22:56:42,51.23,-58.65,28.11,85,0,10.45
12,Hermanus,ZA,2020-10-30 22:54:06,-34.42,19.23,45.0,91,0,11.72
13,San Quintin,MX,2020-10-30 22:56:43,30.48,-115.95,72.46,50,100,11.14
14,Qaanaaq,GL,2020-10-30 22:56:43,77.48,-69.36,11.75,85,91,5.14
15,Mar Del Plata,AR,2020-10-30 22:55:35,-38.0,-57.56,57.2,76,0,8.05
16,Kruisfontein,ZA,2020-10-30 22:56:43,-34.0,24.73,48.99,91,0,1.01
17,Severo-Kurilsk,RU,2020-10-30 22:56:43,50.68,156.12,41.68,91,100,33.49
18,Khartoum,SD,2020-10-30 22:56:44,15.55,32.53,87.8,19,0,9.17
19,Longyearbyen,SJ,2020-10-30 22:52:55,78.22,15.64,17.6,72,0,3.36
20,Bonanza,NI,2020-10-30 22:56:44,14.03,-84.59,75.33,95,93,2.17
21,Wexford,IE,2020-10-30 22:56:45,52.33,-6.46,55.99,99,65,8.99
22,La Ronge,CA,2020-10-30 22:56:45,55.1,-105.28,23.0,85,100,16.11
23,Punta Arenas,CL,2020-10-30 22:56:45,-53.15,-70.92,53.6,58,75,34.45
24,Albany,US,2020-10-30 22:56:45,42.6,-73.97,33.01,88,79,3.29
25,Kapaa,US,2020-10-30 22:56:46,22.08,-159.32,84.0,69,75,9.17
26,Tuktoyaktuk,CA,2020-10-30 22:56:46,69.45,-133.04,8.6,84,75,9.17
27,Iqaluit,CA,2020-10-30 22:56:46,63.75,-68.51,8.6,71,75,2.3
28,Puerto Ayora,EC,2020-10-30 22:56:46,-0.74,-90.35,71.01,90,71,4.0
29,Ushuaia,AR,2020-10-30 22:55:08,-54.8,-68.3,50.0,71,75,23.04
30,Upernavik,GL,2020-10-30 22:56:47,72.79,-56.15,20.77,95,94,2.39
31,Butaritari,KI,2020-10-30 22:56:47,3.07,172.79,82.56,77,70,21.45
32,Vitim,RU,2020-10-30 22:56:47,59.45,112.56,18.09,96,100,2.55
33,Seondha,IN,2020-10-30 22:56:48,26.16,78.78,62.6,59,5,1.12
34,Selty,RU,2020-10-30 22:56:48,57.31,52.13,35.2,94,100,6.6
35,Coolum Beach,AU,2020-10-30 22:56:48,-26.53,153.1,82.99,59,15,8.99
36,Cidreira,BR,2020-10-30 22:56:49,-30.18,-50.21,64.51,66,85,11.1
37,Sydney,AU,2020-10-30 22:55:30,-33.87,151.21,68.0,93,75,8.05
38,Zhigansk,RU,2020-10-30 22:56:49,66.77,123.37,-14.85,89,41,0.51
39,Thompson,CA,2020-10-30 22:56:49,55.74,-97.86,19.4,67,90,3.36
40,Busselton,AU,2020-10-30 22:56:49,-33.65,115.33,64.99,67,18,2.39
41,Ribeira Grande,PT,2020-10-30 22:56:50,38.52,-28.7,69.12,91,100,14.23
42,Sept-Iles,CA,2020-10-30 22:54:27,50.2,-66.38,33.8,55,27,6.93
43,Airai,TL,2020-10-30 22:56:50,-8.93,125.41,66.74,76,5,2.77
44,Torres,BR,2020-10-30 22:56:50,-29.34,-49.73,63.36,65,99,1.74
45,Ponta Do Sol,PT,2020-10-30 22:56:51,32.67,-17.1,68.0,77,20,14.99
46,Burnie,AU,2020-10-30 22:55:42,-41.07,145.92,62.01,62,30,1.01
47,Bandiagara,ML,2020-10-30 22:56:51,14.35,-3.61,83.73,15,0,9.06
48,Bluff,NZ,2020-10-30 22:56:51,-46.6,168.33,54.0,98,100,11.99
49,Mataura,NZ,2020-10-30 22:56:51,-46.19,168.86,54.0,98,100,11.99
50,Torbay,CA,2020-10-30 22:52:03,47.67,-52.73,36.0,59,75,17.22
51,College,US,2020-10-30 22:56:52,64.86,-147.8,12.99,85,90,3.36
52,Ancud,CL,2020-10-30 22:56:52,-41.87,-73.82,60.8,55,0,6.93
53,Nikolskoye,RU,2020-10-30 22:56:52,59.7,30.79,46.4,93,90,6.71
54,Chuchkovo,RU,2020-10-30 22:56:52,54.27,41.45,39.22,92,96,3.09
55,Cayenne,GF,2020-10-30 22:56:53,4.93,-52.33,82.4,88,20,5.82
56,Constitucion,CL,2020-10-30 22:56:31,-35.33,-72.42,60.04,69,0,9.24
57,Port Elizabeth,ZA,2020-10-30 22:56:53,-33.92,25.57,50.0,81,0,3.36
58,Atuona,PF,2020-10-30 22:56:53,-9.8,-139.03,77.9,72,82,11.12
59,Havelock,US,2020-10-30 22:56:54,34.88,-76.9,61.0,69,30,1.99
60,Sabha,LY,2020-10-30 22:56:54,27.04,14.43,60.31,46,6,10.22
61,Samarai,PG,2020-10-30 22:56:54,-10.62,150.67,81.61,78,89,7.78
62,Viedma,AR,2020-10-30 22:56:54,-40.81,-63.0,73.0,23,0,1.01
63,Mahebourg,MU,2020-10-30 22:55:07,-20.41,57.7,68.0,56,40,16.11
64,Svetlaya,RU,2020-10-30 22:56:55,46.54,138.33,38.19,74,35,3.76
65,Kautokeino,NO,2020-10-30 22:56:55,69.01,23.04,15.06,90,0,10.63
66,Port Alfred,ZA,2020-10-30 22:56:55,-33.59,26.89,59.88,63,83,3.71
67,Puerto Maldonado,PE,2020-10-30 22:56:56,-12.6,-69.18,74.05,69,80,3.4
68,Waingapu,ID,2020-10-30 22:56:56,-9.66,120.26,81.73,72,94,4.12
69,Geraldton,AU,2020-10-30 22:56:56,-28.77,114.6,68.0,88,90,8.05
70,Caborca,MX,2020-10-30 22:56:56,30.58,-111.1,87.01,18,29,3.0
71,Tiznit,MA,2020-10-30 22:56:56,29.58,-9.5,71.31,23,0,4.76
72,Henties Bay,NA,2020-10-30 22:56:57,-22.12,14.28,55.99,85,88,6.08
73,Daru,PG,2020-10-30 22:56:57,-9.08,143.21,83.08,76,17,10.07
74,Lagoa Formosa,BR,2020-10-30 22:56:57,-18.78,-46.41,72.45,82,91,0.51
75,Chokurdakh,RU,2020-10-30 22:56:58,70.63,147.92,9.03,96,100,7.36
76,Acapulco,MX,2020-10-30 22:56:58,16.86,-99.89,87.8,70,75,4.7
77,Taoudenni,ML,2020-10-30 22:56:58,22.68,-3.98,77.16,18,99,10.22
78,Farmington,US,2020-10-30 22:56:58,36.73,-108.22,66.0,25,1,3.36
79,Dongsheng,CN,2020-10-30 22:56:58,39.82,109.98,32.52,74,0,12.84
80,Gobabis,NA,2020-10-30 22:56:59,-22.45,18.97,74.93,47,97,5.5
81,Tasiilaq,GL,2020-10-30 22:56:59,65.61,-37.64,35.6,80,100,21.92
82,Port Augusta,AU,2020-10-30 22:56:59,-32.5,137.77,59.0,82,90,13.87
83,Beringovskiy,RU,2020-10-30 22:56:59,63.05,179.32,24.51,85,38,11.83
84,Auki,SB,2020-10-30 22:57:00,-8.77,160.7,82.6,74,99,2.59
85,Luderitz,NA,2020-10-30 22:57:00,-26.65,15.16,60.26,56,100,28.57
86,Nushki,PK,2020-10-30 22:57:00,29.55,66.02,44.01,57,0,1.03
87,San Cristobal,VE,2020-10-30 22:57:00,7.77,-72.22,86.0,62,40,5.82
88,Mana,GF,2020-10-30 22:57:01,5.66,-53.78,81.48,82,35,14.2
89,Vaini,TO,2020-10-30 22:57:01,-21.2,-175.2,77.0,69,40,11.41
90,Leningradskiy,RU,2020-10-30 22:57:01,69.38,178.42,19.0,94,59,19.86
91,Namibe,AO,2020-10-30 22:54:07,-15.2,12.15,73.17,77,47,3.44
92,Krasnyy Oktyabr,RU,2020-10-30 22:57:02,56.12,38.88,38.44,90,78,1.99
93,Lompoc,US,2020-10-30 22:57:02,34.64,-120.46,69.01,72,1,13.87
94,Maumere,ID,2020-10-30 22:57:02,-8.62,122.21,82.08,75,52,5.7
95,Uruzgan,AF,2020-10-30 22:57:02,32.83,66.0,32.59,81,0,3.11
96,Tazovskiy,RU,2020-10-30 22:57:03,67.47,78.7,16.18,97,98,14.76
97,Portland,US,2020-10-30 22:54:09,45.52,-122.68,62.01,63,75,5.82
98,Passo De Camaragibe,BR,2020-10-30 22:57:03,-9.24,-35.49,75.2,94,20,8.05
99,Miri,MY,2020-10-30 22:57:03,4.41,114.01,77.0,94,20,2.24
100,Shirokiy,RU,2020-10-30 22:57:04,49.76,129.52,31.95,92,100,10.47
101,Krasnoselkup,RU,2020-10-30 22:57:04,65.7,82.47,10.44,95,87,13.82
102,Panara,IN,2020-10-30 22:57:04,22.07,78.55,63.9,44,23,3.13
103,Caravelas,BR,2020-10-30 22:52:08,-17.71,-39.25,76.57,81,98,8.72
104,Isla Vista,US,2020-10-30 22:57:04,34.41,-119.86,80.6,53,1,8.05
105,Vagay,RU,2020-10-30 22:57:05,57.94,69.02,28.53,98,96,6.29
106,Felipe Carrillo Puerto,MX,2020-10-30 22:57:05,19.58,-88.05,76.69,96,79,3.65
107,Kharan,PK,2020-10-30 22:57:06,28.58,65.42,51.15,39,0,1.74
108,Kahului,US,2020-10-30 22:57:06,20.89,-156.47,87.8,55,40,21.92
109,Umm Kaddadah,SD,2020-10-30 22:57:07,13.6,26.69,84.18,20,0,15.64
110,Shelburne,CA,2020-10-30 22:57:07,44.08,-80.2,30.0,75,77,5.75
111,Bredasdorp,ZA,2020-10-30 22:57:07,-34.53,20.04,46.4,81,6,1.12
112,Port Lincoln,AU,2020-10-30 22:57:07,-34.73,135.87,58.15,77,50,10.16
113,El Carmen De Bolivar,CO,2020-10-30 22:57:07,9.72,-75.12,75.76,92,99,3.53
114,Barrow,US,2020-10-30 22:57:08,71.29,-156.79,14.0,85,90,12.75
115,Sabang,ID,2020-10-30 22:57:08,5.89,95.32,82.0,77,60,15.01
116,Victoria,HK,2020-10-30 22:52:15,22.29,114.16,73.0,84,91,15.37
117,Carnarvon,AU,2020-10-30 22:57:08,-24.87,113.63,71.6,78,90,4.7
118,Srednekolymsk,RU,2020-10-30 22:57:09,67.45,153.68,3.02,92,38,2.3
119,Avarua,CK,2020-10-30 22:57:09,-21.21,-159.78,77.0,73,99,11.41
120,Yellowknife,CA,2020-10-30 22:57:09,62.46,-114.35,18.0,85,75,6.93
121,Marystown,CA,2020-10-30 22:57:10,47.17,-55.15,33.28,85,83,13.38
122,Souillac,MU,2020-10-30 22:57:10,-20.52,57.52,68.0,56,40,16.11
123,Hobart,AU,2020-10-30 22:57:11,-42.88,147.33,62.01,67,20,6.93
124,Salinopolis,BR,2020-10-30 22:57:11,-0.61,-47.36,79.95,79,41,11.68
125,Atherton,GB,2020-10-30 22:57:11,53.52,-2.49,48.99,89,100,3.0
126,Krapina,HR,2020-10-30 22:57:11,46.16,15.88,54.0,100,77,2.24
127,Kupang,ID,2020-10-30 22:57:12,-10.17,123.58,82.98,69,94,7.0
128,Gelemso,ET,2020-10-30 22:57:12,8.82,40.52,58.23,84,44,2.48
129,Bilma,NE,2020-10-30 22:57:12,18.69,12.92,73.65,20,0,6.85
130,Wanning,CN,2020-10-30 22:57:13,18.8,110.4,75.6,87,66,13.04
131,Mbamba,NG,2020-10-30 22:57:13,9.98,13.1,76.66,31,97,4.7
132,Jacareacanga,BR,2020-10-30 22:57:13,-6.22,-57.75,77.36,82,100,1.72
133,Plettenberg Bay,ZA,2020-10-30 22:57:13,-34.05,23.37,53.28,69,0,2.89
134,Hilo,US,2020-10-30 22:53:21,19.73,-155.09,84.2,70,75,10.29
135,Kavieng,PG,2020-10-30 22:57:14,-2.57,150.8,83.03,75,97,7.78
136,Koumac,NC,2020-10-30 22:57:14,-20.57,164.28,82.81,58,7,3.0
137,Kavaratti,IN,2020-10-30 22:57:14,10.57,72.64,82.2,73,70,9.71
138,Mount Isa,AU,2020-10-30 22:57:15,-20.73,139.5,73.4,25,0,12.75
139,Deloraine,AU,2020-10-30 22:57:15,-41.53,146.67,57.99,89,75,3.0
140,San Ramon,US,2020-10-30 22:53:27,37.78,-121.98,80.01,16,1,6.93
141,Yulara,AU,2020-10-30 22:57:15,-25.24,130.99,64.4,25,0,13.87
142,Payakumbuh,ID,2020-10-30 22:57:16,-0.22,100.63,69.46,88,98,2.08
143,Hithadhoo,MV,2020-10-30 22:57:16,-0.6,73.08,82.98,76,88,10.87
144,Braco Do Norte,BR,2020-10-30 22:57:16,-28.27,-49.17,59.11,79,89,1.19
145,Cap Malheureux,MU,2020-10-30 22:57:17,-19.98,57.61,64.99,64,0,5.99
146,Formosa,AR,2020-10-30 22:55:06,-26.18,-58.18,73.4,43,0,13.87
147,Scarborough,GB,2020-10-30 22:57:17,54.28,-0.4,45.0,93,100,2.24
148,Tautira,PF,2020-10-30 22:57:18,-17.73,-149.15,84.2,66,75,13.87
149,Arraial Do Cabo,BR,2020-10-30 22:57:18,-22.97,-42.03,71.38,89,100,34.07
150,Camana,PE,2020-10-30 22:57:18,-16.62,-72.71,65.12,75,6,7.27
151,Omboue,GA,2020-10-30 22:57:18,-1.57,9.26,76.69,90,99,6.29
152,Khatanga,RU,2020-10-30 22:57:19,71.97,102.5,-9.62,84,0,6.64
153,Sterling,US,2020-10-30 22:55:22,39.01,-77.43,50.0,81,90,12.75
154,Sharan,RU,2020-10-30 22:57:19,54.82,54.0,35.47,84,96,7.54
155,Korla,CN,2020-10-30 22:57:19,41.76,86.15,39.0,66,0,5.01
156,Granville,AU,2020-10-30 22:57:21,-33.83,151.02,69.01,93,75,8.05
157,Vila Franca Do Campo,PT,2020-10-30 22:57:21,37.72,-25.43,69.8,88,75,14.99
158,Dezful,IR,2020-10-30 22:57:21,32.38,48.41,62.15,37,0,1.45
159,Dikson,RU,2020-10-30 22:57:22,73.51,80.55,13.71,96,100,27.89
160,Yeppoon,AU,2020-10-30 22:57:22,-23.13,150.73,82.4,69,75,12.75
161,Pimentel,PE,2020-10-30 22:57:22,-6.84,-79.93,63.93,83,100,14.97
162,Nacala,MZ,2020-10-30 22:55:07,-14.54,40.67,74.8,80,1,1.99
163,Shar,KZ,2020-10-30 22:57:23,49.59,81.05,36.72,80,100,2.48
164,Salamiyah,SY,2020-10-30 22:57:23,35.01,37.05,63.77,68,94,3.94
165,Debre Tabor,ET,2020-10-30 22:57:23,11.85,38.02,49.37,85,2,2.48
166,Kjopsvik,NO,2020-10-30 22:57:23,68.1,16.37,37.99,47,0,23.04
167,Klaksvik,FO,2020-10-30 22:57:24,62.23,-6.59,48.2,81,22,19.46
168,Damghan,IR,2020-10-30 22:57:24,36.17,54.35,52.77,41,0,0.85
169,Lagoa,PT,2020-10-30 22:57:24,39.05,-27.98,67.6,91,100,10.22
170,Kodiak,US,2020-10-30 22:57:24,57.79,-152.41,32.0,76,90,6.93
171,Brownwood,US,2020-10-30 22:53:13,31.71,-98.99,68.0,22,1,6.93
172,Troitskoye,RU,2020-10-30 22:57:25,52.98,84.68,33.24,96,100,10.69
173,Mezen,RU,2020-10-30 22:57:25,65.85,44.24,32.41,96,87,8.7
174,Sao Joao Da Barra,BR,2020-10-30 22:57:25,-21.64,-41.05,73.78,95,88,11.1
175,Russell,US,2020-10-30 22:57:26,32.35,-85.2,66.2,45,1,13.87
176,Merauke,ID,2020-10-30 22:55:05,-8.47,140.33,82.45,72,72,9.42
177,Georgetown,MY,2020-10-30 22:52:59,5.41,100.34,80.6,88,20,2.24
178,Cape Town,ZA,2020-10-30 22:56:07,-33.93,18.42,57.99,58,0,21.92
179,Tuatapere,NZ,2020-10-30 22:57:26,-46.13,167.68,54.0,98,100,11.99
180,Ipora,BR,2020-10-30 22:57:27,-16.44,-51.12,74.91,73,96,1.48
181,Bathsheba,BB,2020-10-30 22:57:27,13.22,-59.52,82.4,78,75,20.8
182,Jinhua,CN,2020-10-30 22:57:27,29.11,119.65,54.01,83,46,2.26
183,Clyde River,CA,2020-10-30 22:57:27,70.47,-68.59,14.0,92,75,13.87
184,Mastic Beach,US,2020-10-30 22:57:28,40.77,-72.85,39.99,69,75,9.17
185,Ojinaga,MX,2020-10-30 22:57:28,29.57,-104.42,77.0,20,1,3.36
186,Hasaki,JP,2020-10-30 22:57:28,35.73,140.83,48.2,70,20,5.82
187,Saint-Louis,SN,2020-10-30 22:57:28,16.33,-15.0,88.92,12,80,9.22
188,Gigmoto,PH,2020-10-30 22:57:29,13.78,124.39,81.52,81,100,16.49
189,Port Said,EG,2020-10-30 22:56:32,31.26,32.28,77.0,73,40,8.05
190,Mehamn,NO,2020-10-30 22:57:29,71.04,27.85,28.4,86,75,10.29
191,Kaitangata,NZ,2020-10-30 22:57:29,-46.28,169.85,62.01,87,100,11.99
192,Pisco,PE,2020-10-30 22:57:30,-13.7,-76.22,68.0,77,75,6.93
193,Bethel,US,2020-10-30 22:56:59,41.37,-73.41,35.6,80,90,6.93
194,Nome,US,2020-10-30 22:57:30,64.5,-165.41,27.0,79,20,3.36
195,Shingu,JP,2020-10-30 22:57:30,33.73,135.98,53.6,50,20,6.93
196,Chicama,PE,2020-10-30 22:57:31,-7.84,-79.15,66.36,73,100,7.58
197,Mahina,PF,2020-10-30 22:57:31,-17.51,-149.49,84.2,66,75,13.87
198,Goderich,CA,2020-10-30 22:52:31,43.75,-81.72,35.6,59,95,13.87
199,Pacific Grove,US,2020-10-30 22:57:31,36.62,-121.92,63.0,67,1,6.93
200,Manzhouli,CN,2020-10-30 22:57:32,49.6,117.43,29.44,98,100,15.86
201,Tamiahua,MX,2020-10-30 22:57:32,21.27,-97.45,70.68,65,0,10.27
202,Oistins,BB,2020-10-30 22:57:32,13.07,-59.53,82.4,78,75,20.8
203,Esperance,AU,2020-10-30 22:57:32,-33.87,121.9,57.2,62,0,19.46
204,Clovis,US,2020-10-30 22:57:33,36.83,-119.7,81.0,15,1,3.36
205,Tessalit,ML,2020-10-30 22:57:33,20.2,1.01,77.05,18,29,12.08
206,Mecca,SA,2020-10-30 22:57:33,21.43,39.83,75.69,64,0,2.48
207,Meulaboh,ID,2020-10-30 22:57:33,4.14,96.13,76.24,85,100,4.41
208,Logansport,US,2020-10-30 22:57:33,40.75,-86.36,46.4,56,1,3.36
209,Tiksi,RU,2020-10-30 22:57:34,71.69,128.87,8.49,95,100,4.9
210,Bafra,TR,2020-10-30 22:57:34,41.57,35.91,62.6,82,75,2.24
211,Jiwani,PK,2020-10-30 22:57:34,25.05,61.74,73.78,35,1,7.58
212,Chifeng,CN,2020-10-30 22:57:34,42.27,118.96,44.35,60,88,9.8
213,Isangel,VU,2020-10-30 22:57:35,-19.55,169.27,78.8,83,75,5.82
214,Fortuna,US,2020-10-30 22:57:09,40.6,-124.16,63.0,62,1,10.29
215,Kununurra,AU,2020-10-30 22:57:35,-15.77,128.73,86.0,70,58,2.24
216,Jalu,LY,2020-10-30 22:57:35,29.03,21.55,63.03,73,29,10.07
217,Doha,QA,2020-10-30 22:55:54,25.29,51.53,78.8,69,0,5.82
218,Kandrian,PG,2020-10-30 22:57:36,-6.22,149.55,82.4,80,84,7.45
219,Lebanon,US,2020-10-30 22:57:36,36.21,-86.29,51.8,57,1,4.7
220,Iskateley,RU,2020-10-30 22:57:36,67.68,53.15,31.86,97,36,13.49
221,Nemuro,JP,2020-10-30 22:57:36,43.32,145.57,48.6,68,29,21.03
222,Seymchan,RU,2020-10-30 22:57:37,62.88,152.43,10.04,93,99,1.1
223,Sitka,US,2020-10-30 22:57:37,57.05,-135.33,42.8,81,90,4.7
224,Yamada,JP,2020-10-30 22:57:37,39.47,141.95,50.68,63,0,5.14
225,Manono,CD,2020-10-30 22:57:37,-7.3,27.42,68.72,92,1,1.12
226,Eyl,SO,2020-10-30 22:57:37,7.98,49.82,80.42,75,12,11.88
227,Brae,GB,2020-10-30 22:57:38,60.4,-1.35,50.0,71,32,24.16
228,Pevek,RU,2020-10-30 22:57:38,69.7,170.31,20.86,95,93,4.27
229,Columbus,US,2020-10-30 22:54:20,39.96,-83.0,43.0,60,90,10.29
230,Tangier,MA,2020-10-30 22:55:22,35.78,-5.81,64.4,77,0,8.05
231,Moerai,PF,2020-10-30 22:57:39,-22.43,-151.33,71.35,88,100,20.45
232,Saldanha,ZA,2020-10-30 22:57:39,-33.01,17.94,55.4,66,0,11.41
233,Pano Aqil,PK,2020-10-30 22:57:39,27.86,69.11,66.2,82,0,3.65
234,Beauvais,FR,2020-10-30 22:57:39,49.42,2.0,57.2,82,90,3.36
235,Kingston,JM,2020-10-30 22:57:39,18.0,-76.79,86.0,74,20,3.36
236,Dormidontovka,RU,2020-10-30 22:57:40,47.77,134.91,35.58,88,99,7.56
237,Selenginsk,RU,2020-10-30 22:57:40,52.01,106.86,26.6,73,75,6.71
238,Okakarara,NA,2020-10-30 22:57:40,-20.58,17.43,73.58,50,100,8.95
239,Birao,CF,2020-10-30 22:57:41,10.28,22.79,75.65,43,45,2.21
240,Marquette,US,2020-10-30 22:57:41,46.53,-87.63,34.0,59,21,2.68
241,Kaka,TM,2020-10-30 22:57:41,37.35,59.61,44.42,52,0,5.97
242,Ilulissat,GL,2020-10-30 22:57:41,69.22,-51.1,17.6,72,100,3.36
243,Diffa,NE,2020-10-30 22:57:41,13.32,12.61,79.84,26,0,8.46
244,High Level,CA,2020-10-30 22:57:42,58.52,-117.14,26.6,92,90,4.7
245,Alice Springs,AU,2020-10-30 22:53:35,-23.7,133.88,66.2,32,1,14.99
246,Kovur,IN,2020-10-30 22:57:42,14.48,79.98,75.78,76,0,5.44
247,Tual,ID,2020-10-30 22:57:42,-5.67,132.75,83.7,69,57,7.81
248,Sao Felix Do Xingu,BR,2020-10-30 22:57:43,-6.64,-51.99,70.5,95,100,4.63
249,Strezhevoy,RU,2020-10-30 22:57:43,60.73,77.59,33.8,100,90,6.71
250,Eyrarbakki,IS,2020-10-30 22:57:43,63.86,-21.15,41.0,80,90,11.41
251,Maturin,VE,2020-10-30 22:54:53,9.75,-63.18,77.49,89,100,6.02
252,Karangasem,ID,2020-10-30 22:57:44,-8.45,115.62,79.45,83,98,4.61
253,Los Llanos De Aridane,ES,2020-10-30 22:57:44,28.66,-17.92,71.6,73,0,5.82
254,Port Hedland,AU,2020-10-30 22:57:44,-20.32,118.57,77.0,57,2,8.05
255,Saint George,US,2020-10-30 22:54:09,37.1,-113.58,78.01,16,1,2.98
256,Saskylakh,RU,2020-10-30 22:57:44,71.92,114.08,-2.27,83,0,5.53
257,Leoben,AT,2020-10-30 22:57:45,47.35,15.13,51.01,100,87,2.24
258,Miraflores,MX,2020-10-30 22:57:45,19.22,-98.81,71.6,35,75,8.05
259,Sohag,EG,2020-10-30 22:57:45,26.56,31.69,77.0,61,0,9.17
260,Aklavik,CA,2020-10-30 22:57:45,68.22,-135.01,5.0,84,75,8.05
261,Cabo San Lucas,MX,2020-10-30 22:53:36,22.89,-109.91,82.0,54,40,5.82
262,Bambous Virieux,MU,2020-10-30 22:57:46,-20.34,57.76,68.0,56,40,16.11
263,Tilichiki,RU,2020-10-30 22:57:46,60.47,166.1,28.83,97,46,1.88
264,East Millcreek,US,2020-10-30 22:53:19,40.7,-111.81,68.0,34,1,11.41
265,Cherskiy,RU,2020-10-30 22:57:46,68.75,161.3,5.5,91,100,5.41
266,Tomatlan,MX,2020-10-30 22:57:47,19.93,-105.25,83.28,75,91,4.32
267,Kinablangan,PH,2020-10-30 22:57:47,7.69,126.55,79.54,84,99,6.6
268,Faanui,PF,2020-10-30 22:57:47,-16.48,-151.75,78.87,84,1,15.43
269,San Patricio,US,2020-10-30 22:57:47,28.02,-97.52,71.6,37,20,12.75
270,Tigil,RU,2020-10-30 22:57:47,57.8,158.67,34.14,89,100,3.18
271,Takoradi,GH,2020-10-30 22:57:48,4.88,-1.76,78.71,83,57,4.92
272,Sao Filipe,CV,2020-10-30 22:57:48,14.9,-24.5,81.64,59,86,15.61
273,Itaituba,BR,2020-10-30 22:57:48,-4.28,-55.98,75.92,93,94,3.47
274,Kumluca,TR,2020-10-30 22:57:48,36.37,30.29,66.36,70,16,3.76
275,Umm Lajj,SA,2020-10-30 22:57:49,25.02,37.27,78.21,43,0,5.55
276,Talara,PE,2020-10-30 22:57:49,-4.58,-81.27,65.08,84,95,13.33
277,Cape Coast,GH,2020-10-30 22:57:49,5.11,-1.25,78.55,84,83,5.06
278,Biak,ID,2020-10-30 22:57:49,-0.91,122.88,77.41,82,97,8.55
279,Ilo,PE,2020-10-30 22:57:49,-17.64,-71.34,63.54,77,62,5.53
280,Gari,RU,2020-10-30 22:57:50,59.43,62.35,31.8,96,97,10.38
281,Namatanai,PG,2020-10-30 22:57:50,-3.67,152.43,84.88,65,57,5.14
282,Mayskiy,RU,2020-10-30 22:57:50,47.69,40.1,55.4,100,40,4.47
283,Flinders,AU,2020-10-30 22:57:50,-34.58,150.86,64.0,95,100,11.99
284,Half Moon Bay,US,2020-10-30 22:56:30,37.46,-122.43,72.0,76,1,14.99
285,Turinsk,RU,2020-10-30 22:57:51,58.05,63.7,30.51,96,55,8.7
286,Lavrentiya,RU,2020-10-30 22:57:51,65.58,-171.0,22.78,86,80,8.61
287,Srandakan,ID,2020-10-30 22:57:52,-7.94,110.25,77.94,85,98,2.71
288,Vanderhoof,CA,2020-10-30 22:57:52,54.02,-124.02,42.08,74,0,8.86
289,Cabedelo,BR,2020-10-30 22:57:52,-6.98,-34.83,78.8,83,20,6.93
290,Camargo,MX,2020-10-30 22:57:52,27.67,-105.17,73.67,22,64,13.11
291,Soni,TZ,2020-10-30 22:57:53,-4.85,38.37,60.4,96,45,1.34
292,Avera,US,2020-10-30 22:57:53,33.19,-82.53,66.2,63,1,3.36
293,Kieta,PG,2020-10-30 22:57:53,-6.22,155.63,82.89,74,92,6.85
294,Coquimbo,CL,2020-10-30 22:57:53,-29.95,-71.34,57.2,76,20,11.41
295,Sioux Lookout,CA,2020-10-30 22:57:54,50.1,-91.92,28.4,79,90,8.05
296,Turtas,RU,2020-10-30 22:57:54,58.94,69.13,29.35,98,97,8.03
297,Muzambinho,BR,2020-10-30 22:57:54,-21.38,-46.53,64.22,95,100,7.09
298,Vestmannaeyjar,IS,2020-10-30 22:57:54,63.44,-20.27,46.09,74,47,22.39
299,Victor Harbor,AU,2020-10-30 22:57:55,-35.57,138.62,57.99,77,87,1.01
300,Praia,CV,2020-10-30 22:57:55,14.92,-23.51,78.8,74,20,21.92
301,Norman Wells,CA,2020-10-30 22:57:55,65.28,-126.83,14.0,92,90,4.7
302,Dayong,CN,2020-10-30 22:57:55,25.02,118.29,68.0,60,0,15.66
303,Tondano,ID,2020-10-30 22:57:56,1.3,124.91,77.0,88,20,1.43
304,Ugoofaaru,MV,2020-10-30 22:57:56,5.67,73.0,82.2,75,62,8.34
305,Santa Cruz Del Sur,CU,2020-10-30 22:57:56,20.71,-78.0,80.94,79,37,2.51
306,Enshi,CN,2020-10-30 22:57:56,30.3,109.48,58.53,84,100,0.54
307,Krutinka,RU,2020-10-30 22:57:57,56.01,71.51,31.62,97,78,10.16
308,Bodo,NO,2020-10-30 22:57:04,67.28,14.4,39.2,55,0,18.34
309,Clinton,US,2020-10-30 22:57:57,42.59,-82.92,37.0,64,90,11.41
310,Hualmay,PE,2020-10-30 22:57:57,-11.1,-77.61,63.81,82,99,5.39
311,Horodnytsya,UA,2020-10-30 22:57:57,50.81,27.32,40.32,92,13,4.38
312,Nanortalik,GL,2020-10-30 22:57:58,60.14,-45.24,28.67,92,99,6.6
313,Katsuura,JP,2020-10-30 22:57:58,35.13,140.3,55.99,54,20,13.87
314,Ngunguru,NZ,2020-10-30 22:57:58,-35.62,174.5,73.99,73,60,10.0
315,Tabou,CI,2020-10-30 22:57:59,4.42,-7.35,77.65,91,94,7.34
316,San Andres,CO,2020-10-30 22:57:59,12.58,-81.7,75.2,100,90,6.93
317,Hofn,IS,2020-10-30 22:57:59,64.25,-15.21,45.52,80,71,26.35
318,Mlonggo,ID,2020-10-30 22:57:59,-6.53,110.7,81.41,73,96,3.04
319,Port Blair,IN,2020-10-30 22:57:59,11.67,92.75,80.35,84,92,11.27
320,Sistranda,NO,2020-10-30 22:58:00,63.73,8.83,46.4,100,75,10.29
321,Port-Gentil,GA,2020-10-30 22:58:00,-0.72,8.78,78.8,94,40,5.82
322,Mandan,US,2020-10-30 22:54:57,46.83,-100.89,37.4,100,90,16.11
323,Husavik,IS,2020-10-30 22:54:04,66.04,-17.34,33.8,78,0,4.7
324,Verkhoyansk,RU,2020-10-30 22:58:01,67.54,133.38,-3.82,90,100,3.58
325,Nizwa,OM,2020-10-30 22:58:01,22.93,57.53,62.89,43,0,2.28
326,Quelimane,MZ,2020-10-30 22:55:07,-17.88,36.89,72.34,94,0,2.08
327,Trapani,IT,2020-10-30 22:58:01,37.83,12.67,62.6,88,20,1.12
328,Bayog,PH,2020-10-30 22:58:02,7.87,123.07,78.64,83,86,2.13
329,Bandarbeyla,SO,2020-10-30 22:58:02,9.49,50.81,77.32,84,4,8.41
330,Bozeman,US,2020-10-30 22:54:02,45.68,-111.04,66.0,18,1,25.28
331,Rio De Janeiro,BR,2020-10-30 22:55:11,-22.9,-43.21,69.8,94,90,29.97
332,Trairi,BR,2020-10-30 22:58:02,-3.28,-39.27,78.73,76,26,8.28
333,Westport,US,2020-10-30 22:57:29,41.14,-73.36,39.2,80,90,8.05
334,Palasa,IN,2020-10-30 22:58:03,18.77,84.42,73.87,53,82,3.67
335,Luau,AO,2020-10-30 22:58:03,-10.71,22.22,65.05,93,55,2.84
336,Hami,CN,2020-10-30 22:58:04,42.8,93.45,33.06,76,0,4.79
337,Sigli,ID,2020-10-30 22:58:04,5.38,95.96,78.58,74,83,4.47
338,Dubbo,AU,2020-10-30 22:58:04,-32.25,148.62,59.0,77,90,5.82
339,Buenos Aires,AR,2020-10-30 22:58:05,-34.61,-58.38,61.0,59,0,11.41
340,Alugan,PH,2020-10-30 22:58:05,12.22,125.48,82.09,81,100,13.35
341,Kuzhithurai,IN,2020-10-30 22:58:05,8.32,77.18,80.6,83,40,1.12
342,Kinshasa,CD,2020-10-30 22:57:13,-4.32,15.32,75.2,94,20,5.82
343,Kidal,ML,2020-10-30 22:58:06,18.44,1.41,78.37,17,0,11.48
344,Vaitape,PF,2020-10-30 22:58:06,-16.52,-151.75,79.74,82,1,15.21
345,Krasnokholm,RU,2020-10-30 22:58:06,51.6,54.16,44.55,57,100,9.13
346,Kirakira,SB,2020-10-30 22:58:07,-10.45,161.92,83.93,64,87,3.89
347,Atar,MR,2020-10-30 22:58:07,20.52,-13.05,84.47,16,40,8.43
348,Lac,AL,2020-10-30 22:58:07,41.64,19.71,50.0,87,0,4.7
349,Ratnagiri,IN,2020-10-30 22:58:07,16.98,73.3,77.04,65,16,5.08
350,Karratha,AU,2020-10-30 22:56:17,-20.74,116.85,78.6,56,0,2.66
351,Rincon,US,2020-10-30 22:58:08,32.3,-81.24,71.6,53,1,6.93
352,Boende,CD,2020-10-30 22:58:08,-0.22,20.87,70.27,94,95,2.13
353,Deputatskiy,RU,2020-10-30 22:58:09,69.3,139.9,3.09,95,100,1.28
354,Lazaro Cardenas,MX,2020-10-30 22:58:09,17.96,-102.2,83.48,73,8,7.02
355,Awjilah,LY,2020-10-30 22:58:09,29.11,21.29,63.1,74,17,9.62
356,Lorengau,PG,2020-10-30 22:58:09,-2.02,147.27,85.03,66,94,2.37
357,La Rochelle,FR,2020-10-30 22:58:10,46.17,-1.15,55.4,87,0,6.93
358,Kichera,RU,2020-10-30 22:58:10,55.94,110.1,20.95,86,95,4.43
359,Praia Da Vitoria,PT,2020-10-30 22:58:10,38.73,-27.07,71.6,83,40,10.25
360,Ko Samui,TH,2020-10-30 22:58:11,9.54,99.94,82.42,71,87,2.06
361,Severnoye,RU,2020-10-30 22:58:11,56.35,78.36,33.35,97,100,8.03
362,Fort-Shevchenko,KZ,2020-10-30 22:58:11,44.51,50.26,54.68,41,0,18.3
363,Bengkulu,ID,2020-10-30 22:58:11,-3.8,102.27,74.86,87,65,3.78
364,Tura,IN,2020-10-30 22:58:11,25.52,90.22,71.65,85,86,3.91
365,Palapye,BW,2020-10-30 22:58:12,-22.55,27.13,74.41,28,0,14.99
366,Faya,SA,2020-10-30 22:58:12,18.39,42.45,59.0,41,0,1.21
367,Galesong,ID,2020-10-30 22:58:12,-5.32,119.37,81.55,72,62,4.61
368,Nouadhibou,MR,2020-10-30 22:58:12,20.93,-17.03,66.2,88,1,16.11
369,Loa Janan,ID,2020-10-30 22:58:13,-0.58,117.09,75.04,96,100,1.25
370,Lubao,PH,2020-10-30 22:58:13,14.92,120.55,77.0,83,75,2.24
371,Provideniya,RU,2020-10-30 22:58:13,64.38,-173.3,24.78,89,98,7.63
372,Keflavik,IS,2020-10-30 22:58:13,64.0,-22.56,41.0,100,90,6.93
373,Vardo,NO,2020-10-30 22:58:14,70.37,31.11,30.2,86,75,19.46
374,Barra Patuca,HN,2020-10-30 22:58:14,15.8,-84.28,81.41,79,100,5.64
375,Narsaq,GL,2020-10-30 22:58:14,60.92,-46.05,24.8,73,40,3.36
376,Carballo,ES,2020-10-30 22:58:14,43.21,-8.69,60.8,82,40,10.29
377,Haimen,CN,2020-10-30 22:58:15,23.19,116.61,64.4,77,0,2.24
378,Yizheng,CN,2020-10-30 22:58:15,24.67,103.43,54.97,99,79,3.58
379,Ahipara,NZ,2020-10-30 22:58:15,-35.17,173.17,68.4,74,24,12.24
380,Pingzhuang,CN,2020-10-30 22:58:15,42.04,119.29,45.5,58,100,11.86
381,Adrar,MR,2020-10-30 22:58:16,20.5,-10.07,83.66,15,91,9.31
382,Hay River,CA,2020-10-30 22:58:16,60.82,-115.8,23.0,79,100,4.7
383,Pontianak,ID,2020-10-30 22:58:16,-0.03,109.33,75.94,92,86,3.09
384,Waw,SS,2020-10-30 22:58:16,7.7,28.0,74.12,87,100,4.45
385,Chiredzi,ZW,2020-10-30 22:58:17,-21.05,31.67,74.17,49,0,9.33
386,Salalah,OM,2020-10-30 22:58:17,17.02,54.09,75.2,69,0,6.93
387,Manthani,IN,2020-10-30 22:58:17,18.65,79.67,68.72,76,0,3.47
388,Numan,NG,2020-10-30 22:58:17,9.47,12.03,79.38,34,94,2.53
389,Pizarro,CO,2020-10-30 22:58:18,4.95,-77.37,78.31,82,54,5.68
390,Muros,ES,2020-10-30 22:58:18,42.78,-9.06,61.0,84,27,7.0
391,Nishihara,JP,2020-10-30 22:58:18,26.18,127.76,71.6,68,20,5.82
392,Larsnes,NO,2020-10-30 22:58:19,62.2,5.58,48.0,84,100,10.0
393,Tucuman,AR,2020-10-30 22:58:19,-26.82,-65.22,77.0,23,0,8.05
394,Broken Hill,AU,2020-10-30 22:58:19,-31.95,141.43,53.6,87,90,20.8
395,Henderson,US,2020-10-30 22:55:39,36.04,-114.98,80.01,10,1,1.77
396,Beruwala,LK,2020-10-30 22:58:20,6.48,79.98,78.26,83,100,3.29
397,Maine-Soroa,NE,2020-10-30 22:58:20,13.21,12.02,80.64,18,0,7.4
398,Gisborne,NZ,2020-10-30 22:58:20,-38.65,178.0,70.0,59,100,8.99
399,Bandrele,YT,2020-10-30 22:58:21,-12.91,45.19,78.8,78,0,3.36
400,Naryan-Mar,RU,2020-10-30 22:58:21,67.67,53.09,31.98,97,38,13.51
401,Ulladulla,AU,2020-10-30 22:58:21,-35.35,150.47,62.6,100,90,13.87
402,Mgandu,TZ,2020-10-30 22:58:21,-5.95,34.13,60.93,74,92,7.67
403,Vidalia,US,2020-10-30 22:58:22,32.22,-82.41,68.0,56,1,5.3
404,Coffs Harbour,AU,2020-10-30 22:58:22,-30.3,153.13,77.0,65,40,20.8
405,Frontera,MX,2020-10-30 22:58:22,26.93,-101.45,70.07,34,0,6.73
406,Yerbogachen,RU,2020-10-30 22:58:23,61.28,108.01,10.53,94,100,6.58
407,Atasu,KZ,2020-10-30 22:58:23,48.68,71.64,31.28,90,0,3.65
408,Port Hardy,CA,2020-10-30 22:58:23,50.7,-127.42,50.0,71,75,5.82
409,Abbotsford,CA,2020-10-30 22:55:06,49.06,-122.25,54.0,58,75,12.75
410,Tombouctou,ML,2020-10-30 22:58:24,20.0,-3.0,83.32,15,74,9.95
411,Payo,ID,2020-10-30 22:58:24,-3.75,103.64,73.13,93,71,1.88
412,Urucui,BR,2020-10-30 22:58:24,-7.23,-44.56,83.88,51,66,3.38
413,Lata,PT,2020-10-30 22:58:24,40.16,-8.33,61.0,93,0,2.24
414,Byron Bay,AU,2020-10-30 22:53:45,-28.65,153.62,82.0,61,60,16.11
415,Poya,NC,2020-10-30 22:58:25,-21.35,165.15,83.66,52,0,5.5
416,Gilgit,PK,2020-10-30 22:58:25,35.92,74.31,48.92,38,0,3.47
417,Bambanglipuro,ID,2020-10-30 22:58:25,-7.95,110.28,77.86,85,98,2.51
418,Partizanskoye,RU,2020-10-30 22:58:26,55.5,94.39,25.92,97,100,8.97
419,Tateyama,JP,2020-10-30 22:58:26,34.98,139.87,57.99,43,0,3.0
420,Jieshi,CN,2020-10-30 22:58:26,22.81,115.83,68.76,66,9,15.79
421,Mapimi,MX,2020-10-30 22:58:26,25.82,-103.85,78.8,25,20,7.18
422,Pandamatenga,BW,2020-10-30 22:58:27,-18.53,25.63,73.65,30,0,7.99
423,Oussouye,SN,2020-10-30 22:58:27,12.48,-16.55,78.8,94,0,2.24
424,La Mata,PA,2020-10-30 22:58:27,8.08,-80.88,77.14,88,36,7.81
425,Tadine,NC,2020-10-30 22:58:28,-21.55,167.88,78.58,73,2,13.91
426,Vila Velha,BR,2020-10-30 22:58:28,-20.33,-40.29,77.0,88,75,13.87
427,Padang,ID,2020-10-30 22:58:28,-0.95,100.35,77.9,77,91,3.83
428,Lebu,CL,2020-10-30 22:58:29,-37.62,-73.65,53.91,82,0,12.53
429,Zheleznodorozhnyy,RU,2020-10-30 22:58:29,55.75,38.0,41.0,86,75,4.47
430,Fairbanks,US,2020-10-30 22:53:37,64.84,-147.72,12.99,85,90,1.9
431,Balabac,PH,2020-10-30 22:58:29,7.99,117.06,81.27,82,100,7.83
432,Camopi,GF,2020-10-30 22:58:29,3.17,-52.32,81.86,64,44,6.96
433,Seoul,KR,2020-10-30 22:54:47,37.57,126.98,48.2,70,1,3.69
434,Bilibino,RU,2020-10-30 22:58:30,68.05,166.44,5.31,89,100,1.36
435,Cam Ranh,VN,2020-10-30 22:58:30,11.92,109.16,78.8,83,20,3.36
436,Prieska,ZA,2020-10-30 22:58:31,-29.66,22.75,70.3,48,91,16.96
437,Cururupu,BR,2020-10-30 22:58:31,-1.83,-44.87,74.1,90,17,3.15
438,Santona,ES,2020-10-30 22:58:31,43.44,-3.46,57.99,100,0,1.12
439,Capreol,CA,2020-10-30 22:58:31,46.71,-80.92,28.99,45,5,4.7
440,Hobyo,SO,2020-10-30 22:58:32,5.35,48.53,80.37,79,31,12.66
441,Mapiripan,CO,2020-10-30 22:58:32,2.89,-72.13,82.15,73,91,4.54
442,Miyako,JP,2020-10-30 22:58:32,39.64,141.95,50.79,63,0,6.58
443,Jiexiu,CN,2020-10-30 22:58:32,37.02,111.91,49.59,50,30,9.62
444,Ayan,RU,2020-10-30 22:58:32,56.45,138.17,28.78,87,99,3.11
445,Gizo,SB,2020-10-30 22:58:33,-8.1,156.84,83.79,66,88,6.11
446,Verkhniy Avzyan,RU,2020-10-30 22:58:33,53.53,57.54,32.49,89,96,3.49
447,Pestovo,RU,2020-10-30 22:58:33,58.59,35.8,43.12,88,100,2.51
448,Dabuleni,RO,2020-10-30 22:58:33,43.8,24.08,44.6,75,5,9.17
449,Baykit,RU,2020-10-30 22:58:34,61.67,96.37,1.44,88,37,3.4
450,Manger,NO,2020-10-30 22:58:34,60.64,5.04,48.0,81,100,37.0
451,Ostersund,SE,2020-10-30 22:58:34,63.18,14.64,39.99,86,98,16.11
452,Beloha,MG,2020-10-30 22:58:34,-25.17,45.05,66.49,58,0,11.61
453,Show Low,US,2020-10-30 22:58:35,34.25,-110.03,64.4,22,1,11.41
454,Staryy Nadym,RU,2020-10-30 22:58:35,65.61,72.68,34.45,97,100,13.69
455,Guerrero Negro,MX,2020-10-30 22:58:35,27.98,-114.06,78.8,27,22,11.7
456,Itauna,BR,2020-10-30 22:56:38,-20.08,-44.58,70.68,86,100,6.24
457,Banjar,ID,2020-10-30 22:58:35,-8.19,114.97,78.19,80,65,3.8
458,Arman,RU,2020-10-30 22:58:36,59.7,150.17,30.33,98,100,10.74
459,Azul,AR,2020-10-30 22:58:36,-36.78,-59.86,52.77,56,0,4.41
460,Bad Frankenhausen,DE,2020-10-30 22:58:36,51.35,11.1,55.99,84,96,5.99
461,De Panne,BE,2020-10-30 22:58:37,51.08,2.59,57.2,93,61,11.41
462,Gat,IL,2020-10-30 22:57:03,31.61,34.76,73.99,100,45,4.79
463,Lira,UG,2020-10-30 22:58:37,2.23,32.91,63.9,93,94,1.52
464,Hurghada,EG,2020-10-30 22:58:37,27.26,33.81,77.0,57,0,5.82
465,Travesia,HN,2020-10-30 22:58:38,15.87,-87.9,82.99,78,40,14.99
466,Laguna,US,2020-10-30 22:58:38,38.42,-121.42,80.01,19,1,1.97
467,Alofi,NU,2020-10-30 22:58:38,-19.06,-169.92,78.8,78,90,19.46
468,Rafaela,AR,2020-10-30 22:58:38,-31.25,-61.49,63.0,40,70,1.01
469,Portales,US,2020-10-30 22:58:39,34.19,-103.33,69.8,28,1,16.11
470,Burlington,US,2020-10-30 22:55:32,39.88,-74.64,46.99,100,75,3.87
471,Ust-Ishim,RU,2020-10-30 22:58:39,57.69,71.17,31.75,98,100,6.67
472,Sulangan,PH,2020-10-30 22:58:39,11.14,123.72,83.34,78,100,16.87
473,Monforte De Lemos,ES,2020-10-30 22:58:40,42.52,-7.51,54.0,99,0,2.64
474,Bucerias,MX,2020-10-30 22:58:40,20.75,-105.33,84.2,74,20,9.17
475,Roma,US,2020-10-30 22:53:52,43.21,-75.46,37.4,51,1,4.7
476,Wonthaggi,AU,2020-10-30 22:58:40,-38.6,145.59,63.0,82,7,8.52
477,Marzuq,YE,2020-10-30 22:58:40,14.4,46.47,65.52,50,0,2.15
478,Ushtobe,KZ,2020-10-30 22:58:41,45.25,77.98,37.49,73,0,8.23
479,Port-Cartier,CA,2020-10-30 22:58:41,50.03,-66.87,33.8,55,24,6.93
480,Port Arthur,CN,2020-10-30 22:58:41,38.8,121.27,59.0,62,80,8.95
481,Touros,BR,2020-10-30 22:58:41,-5.2,-35.46,78.8,83,40,6.93
482,Hambantota,LK,2020-10-30 22:58:42,6.12,81.12,78.44,81,100,7.34
483,Barranca,PE,2020-10-30 22:58:42,-10.75,-77.77,62.78,84,100,6.08
484,Vostok,RU,2020-10-30 22:58:43,46.49,135.88,27.1,98,64,4.81
485,Dickinson,US,2020-10-30 22:58:43,29.46,-95.05,66.99,72,0,3.0
486,Malakal,SS,2020-10-30 22:58:43,9.53,31.66,74.8,81,100,2.84
487,Gebze,TR,2020-10-30 22:58:44,40.8,29.43,55.4,87,75,6.93
488,Saurimo,AO,2020-10-30 22:54:07,-9.66,20.39,65.23,95,100,2.42
489,Dingle,PH,2020-10-30 22:58:44,11.0,122.67,78.67,90,100,7.63
490,Sisimiut,GL,2020-10-30 22:58:44,66.94,-53.67,20.91,91,88,6.6
491,Khasan,RU,2020-10-30 22:58:45,42.43,130.64,43.34,66,44,3.06
492,Berlevag,NO,2020-10-30 22:58:45,70.86,29.09,28.4,86,75,10.29
493,Maceio,BR,2020-10-30 22:57:53,-9.67,-35.74,75.2,94,20,8.05
494,Mitu,CO,2020-10-30 22:58:20,1.2,-70.17,77.0,94,97,1.79
495,Olafsvik,IS,2020-10-30 22:58:46,64.89,-23.71,41.58,76,16,12.5
496,Kudat,MY,2020-10-30 22:58:46,6.88,116.85,75.2,100,40,8.05
497,Mapiri,BO,2020-10-30 22:58:46,-15.25,-68.17,66.24,77,84,0.22
498,Volkach,DE,2020-10-30 22:58:46,49.87,10.23,54.0,90,81,7.63
499,Makakilo City,US,2020-10-30 22:58:46,21.35,-158.09,84.2,58,20,14.99
500,Cecina,IT,2020-10-30 22:58:47,43.31,10.52,55.99,88,10,3.78
501,Abonnema,NG,2020-10-30 22:58:47,4.71,6.79,77.54,89,44,4.41
502,Ajaccio,FR,2020-10-30 22:58:04,42.0,8.92,57.2,87,90,5.82
503,Yei,SS,2020-10-30 22:58:47,4.09,30.68,66.29,94,97,2.35
504,Taikang,CN,2020-10-30 22:58:47,46.83,124.42,44.2,57,100,20.56
505,Palmer,US,2020-10-30 22:58:48,42.16,-72.33,32.0,100,40,4.7
506,Nhulunbuy,AU,2020-10-30 22:58:48,-12.23,136.77,84.2,66,0,9.17
507,Yantal,RU,2020-10-30 22:58:48,56.85,105.25,21.16,95,100,3.96
508,Oksfjord,NO,2020-10-30 22:58:48,70.24,22.35,30.2,74,20,16.11
509,Ogbomosho,NG,2020-10-30 22:58:49,8.13,4.25,74.03,76,68,3.22
510,Yinchuan,CN,2020-10-30 22:58:49,38.47,106.27,43.16,54,0,1.48
511,Margate,GB,2020-10-30 22:58:49,51.38,1.39,57.99,89,81,4.0
512,Antsohihy,MG,2020-10-30 22:58:49,-14.88,47.99,74.37,58,94,12.1
513,Aktash,RU,2020-10-30 22:58:50,50.3,87.73,8.49,90,49,2.48
514,Novoukrayinka,UA,2020-10-30 22:58:50,48.33,31.53,49.98,83,99,7.34
515,Leh,IN,2020-10-30 22:58:50,34.17,77.58,25.92,71,24,2.19
516,Chuy,UY,2020-10-30 22:58:50,-33.7,-53.46,53.46,86,76,6.89
517,Upata,VE,2020-10-30 22:58:26,8.01,-62.4,73.87,92,90,6.13
518,Lokoja,NG,2020-10-30 22:58:51,7.8,6.74,77.79,73,23,2.82
519,Fukue,JP,2020-10-30 22:58:51,32.69,128.84,62.58,67,2,20.11
520,Panguipulli,CL,2020-10-30 22:58:51,-39.63,-72.33,71.6,56,0,5.82
521,Ghugus,IN,2020-10-30 22:58:52,19.93,79.13,67.28,66,0,4.16
522,Coahuayana,MX,2020-10-30 22:58:52,18.73,-103.68,80.6,78,75,1.83
523,Chapais,CA,2020-10-30 22:58:52,49.78,-74.85,14.0,85,1,4.03
524,Nebaj,GT,2020-10-30 22:58:52,15.41,-91.15,71.6,56,75,6.93
525,Krasnaya Gora,RU,2020-10-30 22:58:52,53.0,31.6,48.2,100,90,4.47
526,Sao Jose Da Coroa Grande,BR,2020-10-30 22:58:53,-8.9,-35.15,77.32,87,100,10.29
527,Karapyshi,UA,2020-10-30 22:58:53,49.64,30.79,48.63,90,100,8.08
528,Gornyy,RU,2020-10-30 22:58:53,55.12,83.91,33.55,100,100,12.39
529,Kaputa,ZM,2020-10-30 22:58:53,-8.47,29.66,74.08,64,30,4.76
530,Valparaiso,CL,2020-10-30 22:58:50,-33.04,-71.63,57.99,82,40,4.7
531,Batsfjord,NO,2020-10-30 22:58:54,70.63,29.72,30.2,86,75,10.29
532,Sungai Padi,TH,2020-10-30 22:58:54,6.09,101.88,77.0,88,20,3.36
533,Asfi,MA,2020-10-30 22:58:54,32.3,-9.24,69.35,62,13,10.16
534,Ust-Tsilma,RU,2020-10-30 22:58:54,65.44,52.15,38.41,89,100,6.62
535,Dubrovytsya,UA,2020-10-30 22:58:55,51.57,26.57,44.01,85,49,4.85
536,Aguimes,ES,2020-10-30 22:58:55,27.91,-15.45,77.0,29,0,11.41
537,Acandi,CO,2020-10-30 22:58:55,8.51,-77.28,78.48,86,82,4.27
538,Ekhabi,RU,2020-10-30 22:58:55,53.51,142.97,34.7,85,100,5.84
539,Porto Walter,BR,2020-10-30 22:58:56,-8.27,-72.74,73.69,97,100,5.99
540,Cockburn Town,TC,2020-10-30 22:58:56,21.46,-71.14,86.0,70,40,9.17
541,Toropets,RU,2020-10-30 22:58:56,56.5,31.64,45.45,95,100,1.74
542,Athabasca,CA,2020-10-30 22:54:23,54.72,-113.29,28.4,86,100,5.82
